<TICKER>,<PER>,<DATE>,<TIME>,<OPEN>,<HIGH>,<LOW>,<CLOSE>,<VOL>
TATN,D,20170103,000000,426.4500000,447.8500000,424.5500000,445.2000000,1272240
TATN,D,20170104,000000,444.8500000,446.4000000,434.1000000,446.4000000,1195220
TATN,D,20170105,000000,445.6000000,448.6500000,418.2500000,424.2500000,2121160
TATN,D,20170106,000000,420.7500000,426.8000000,415.5000000,423.4500000,801450
TATN,D,20170109,000000,425.1500000,426.4500000,418.2000000,425.8000000,889110
TATN,D,20170110,000000,424.6000000,429.4000000,421.9000000,428.6000000,1138410
TATN,D,20170111,000000,426.6000000,431.7000000,421.4500000,431.2500000,864100
TATN,D,20170112,000000,431.7500000,438.0000000,428.1000000,438.0000000,1110140
TATN,D,20170113,000000,437.2000000,439.0000000,427.1000000,433.1000000,765010
TATN,D,20170116,000000,431.0000000,435.3500000,426.1500000,427.2500000,576820
TATN,D,20170117,000000,427.2500000,428.4000000,423.0000000,423.0500000,639820
TATN,D,20170118,000000,424.9000000,427.3000000,418.0000000,420.0000000,695010
TATN,D,20170119,000000,419.1000000,420.5500000,406.1500000,412.1500000,1498100
TATN,D,20170120,000000,411.1500000,418.3500000,405.1500000,411.1500000,1146160
TATN,D,20170123,000000,410.3000000,410.8000000,398.5500000,401.8000000,1157280
TATN,D,20170124,000000,402.8000000,411.7000000,402.6000000,411.7000000,1053700
TATN,D,20170125,000000,411.7500000,411.8500000,404.0500000,409.8000000,912810
TATN,D,20170126,000000,411.7000000,430.0000000,409.3500000,429.9500000,1533580
TATN,D,20170127,000000,428.4500000,438.6500000,421.6000000,435.0000000,1392050
TATN,D,20170130,000000,432.0000000,433.4500000,418.5000000,421.0000000,987170
TATN,D,20170131,000000,419.9500000,420.7500000,406.2500000,406.7000000,1388810
TATN,D,20170201,000000,407.3000000,413.2000000,407.0500000,408.8000000,1397150
TATN,D,20170202,000000,409.5000000,411.0500000,400.5000000,404.9000000,1809440
TATN,D,20170203,000000,404.3000000,406.4500000,401.2500000,404.4000000,1070580
TATN,D,20170206,000000,405.1500000,405.1500000,396.7000000,401.9500000,1325840
TATN,D,20170207,000000,402.1000000,402.5000000,395.5000000,399.0000000,890390
TATN,D,20170208,000000,398.1500000,406.0000000,396.0500000,406.0000000,1548960
TATN,D,20170209,000000,405.9000000,407.6000000,397.2000000,398.9500000,1246240
TATN,D,20170210,000000,400.0000000,400.5000000,390.8000000,398.3000000,1185970
TATN,D,20170213,000000,399.6000000,399.6500000,390.0000000,395.4500000,1599110
TATN,D,20170214,000000,393.5500000,395.0000000,385.2000000,385.2000000,1582620
TATN,D,20170215,000000,385.3500000,385.3500000,376.4000000,377.5000000,1612990
TATN,D,20170216,000000,378.4500000,380.7500000,374.1500000,380.5000000,1485230
TATN,D,20170217,000000,381.2000000,382.8500000,366.5000000,367.1000000,2340690
TATN,D,20170220,000000,368.6500000,368.8000000,360.2000000,365.0000000,1542130
TATN,D,20170221,000000,364.0500000,368.3000000,361.3000000,366.1500000,1092980
TATN,D,20170222,000000,367.0000000,367.5000000,360.1500000,364.5000000,1392340
TATN,D,20170224,000000,363.8500000,363.9000000,357.5000000,360.0000000,869250
TATN,D,20170227,000000,361.3500000,363.7000000,351.9000000,351.9000000,1406040
TATN,D,20170228,000000,351.9500000,355.3500000,340.0000000,340.9500000,2785670
TATN,D,20170301,000000,341.3000000,357.0000000,338.2500000,355.9500000,2218700
TATN,D,20170302,000000,356.2500000,367.7000000,353.7500000,365.0000000,2398850
TATN,D,20170303,000000,361.4500000,365.7000000,355.0500000,364.0000000,1385390
TATN,D,20170306,000000,364.5500000,373.5500000,359.8500000,370.0000000,1474600
TATN,D,20170307,000000,370.1000000,371.1000000,348.2500000,354.9500000,2453190
TATN,D,20170309,000000,350.4500000,355.3000000,340.4500000,342.7000000,2497590
TATN,D,20170310,000000,343.5000000,349.2000000,339.5500000,341.1000000,1426140
TATN,D,20170313,000000,343.1000000,363.5000000,339.3500000,363.4000000,2197840
TATN,D,20170314,000000,364.3500000,368.6000000,359.3500000,365.4000000,1513160
TATN,D,20170315,000000,365.0000000,368.6000000,353.4000000,356.0000000,1436370
TATN,D,20170316,000000,360.8000000,372.3000000,359.6000000,371.0000000,2882200
TATN,D,20170317,000000,369.8000000,371.9500000,364.2000000,368.7000000,2152280
TATN,D,20170320,000000,369.2500000,370.7000000,355.1500000,364.4500000,1870580
TATN,D,20170321,000000,364.9500000,367.6000000,360.0000000,364.7000000,1792200
TATN,D,20170322,000000,361.9500000,366.1500000,350.9500000,365.5000000,2090190
TATN,D,20170323,000000,366.6500000,368.8000000,356.2500000,359.9500000,1402930
TATN,D,20170324,000000,359.7500000,361.7500000,348.4000000,349.0000000,1602200
TATN,D,20170327,000000,347.9500000,349.5500000,341.5000000,347.3500000,1003950
TATN,D,20170328,000000,347.8500000,351.9000000,344.0000000,351.9000000,1980810
TATN,D,20170329,000000,351.3000000,355.4000000,345.4500000,354.0000000,1746210
TATN,D,20170330,000000,354.3000000,360.8000000,351.6500000,359.9000000,2620210
TATN,D,20170331,000000,358.4500000,359.4000000,346.3500000,347.6500000,1534780
TATN,D,20170403,000000,348.9500000,351.4500000,344.5000000,351.0000000,850170
TATN,D,20170404,000000,350.1000000,355.0000000,347.1000000,352.3500000,733920
TATN,D,20170405,000000,353.0500000,369.8500000,352.8000000,369.8500000,2082000
TATN,D,20170406,000000,368.2000000,369.8000000,363.4000000,369.4500000,1962560
TATN,D,20170407,000000,368.0500000,368.6500000,352.4000000,357.7000000,1902810
TATN,D,20170410,000000,356.5500000,358.6000000,342.6000000,343.3000000,1360080
TATN,D,20170411,000000,343.7500000,348.2500000,338.4500000,342.1500000,1723850
TATN,D,20170412,000000,342.9000000,344.2000000,330.3500000,334.9500000,1317890
TATN,D,20170413,000000,336.8000000,337.0000000,323.3000000,330.0000000,1738090
TATN,D,20170414,000000,329.1000000,329.3500000,323.1000000,325.0000000,451900
TATN,D,20170417,000000,325.6000000,331.9000000,323.3500000,329.0000000,619390
TATN,D,20170418,000000,330.7500000,333.3000000,322.2500000,323.2500000,1187890
TATN,D,20170419,000000,323.4500000,329.0000000,322.8000000,326.6500000,1231170
TATN,D,20170420,000000,326.0000000,327.4000000,321.8000000,324.4500000,1479630
TATN,D,20170421,000000,326.2500000,327.0000000,323.1000000,326.8500000,1375180
TATN,D,20170424,000000,327.7000000,332.9500000,327.1000000,331.6000000,1235270
TATN,D,20170425,000000,331.6000000,336.7500000,328.6000000,335.1000000,1685990
TATN,D,20170426,000000,336.0500000,341.9500000,332.6000000,339.8000000,1455380
TATN,D,20170427,000000,340.0000000,362.5000000,334.6000000,361.2000000,3309870
TATN,D,20170428,000000,362.1500000,378.2500000,360.3000000,377.0000000,2496320
TATN,D,20170502,000000,376.2000000,378.8500000,371.1000000,371.3500000,1735050
TATN,D,20170503,000000,371.5000000,373.8500000,361.0000000,361.0000000,1162520
TATN,D,20170504,000000,362.8000000,375.9000000,361.5500000,368.2500000,1522920
TATN,D,20170505,000000,366.9500000,368.3000000,361.9000000,368.3000000,1088150
TATN,D,20170510,000000,372.1000000,376.3500000,367.6500000,373.5000000,1757950
TATN,D,20170511,000000,373.5000000,374.3000000,365.6500000,372.3500000,1214520
TATN,D,20170512,000000,371.4500000,375.5000000,368.5000000,375.5000000,1056090
TATN,D,20170515,000000,377.0000000,386.5000000,367.1500000,386.5000000,1439300
TATN,D,20170516,000000,385.0000000,393.1500000,381.3500000,384.0000000,2947920
TATN,D,20170517,000000,382.8500000,394.2000000,381.2500000,393.5000000,1749610
TATN,D,20170518,000000,391.9000000,393.1000000,386.5000000,392.8000000,1787020
TATN,D,20170519,000000,393.3000000,400.0000000,390.6500000,392.2500000,1736920
TATN,D,20170522,000000,393.6000000,393.6000000,382.6000000,389.3500000,1299730
TATN,D,20170523,000000,389.0000000,394.3500000,386.0000000,392.0000000,1332030
TATN,D,20170524,000000,392.7000000,400.0000000,392.4500000,400.0000000,1158120
TATN,D,20170525,000000,398.8000000,400.8000000,386.5500000,389.5000000,1399110
TATN,D,20170526,000000,388.7000000,388.7000000,378.2500000,388.0000000,1375020
TATN,D,20170529,000000,386.9000000,390.7500000,383.0000000,388.8000000,737820
TATN,D,20170530,000000,386.3000000,387.6500000,380.6500000,387.0000000,1150620
TATN,D,20170531,000000,386.3500000,397.3500000,381.6500000,384.5000000,7056490
TATN,D,20170601,000000,386.3500000,387.9500000,372.0000000,378.4500000,2643120
TATN,D,20170602,000000,376.1000000,380.4000000,370.1500000,380.3000000,2036230
TATN,D,20170605,000000,380.0000000,380.9000000,374.5000000,376.3000000,1008320
TATN,D,20170606,000000,377.6000000,377.6000000,361.4500000,363.4000000,2037830
TATN,D,20170607,000000,364.1500000,366.8000000,358.0000000,358.0000000,1318710
TATN,D,20170608,000000,358.9000000,362.3000000,351.1000000,359.9000000,2621960
TATN,D,20170609,000000,356.6500000,360.8500000,352.5000000,360.0000000,1914980
TATN,D,20170613,000000,360.9500000,362.3500000,357.2000000,360.3000000,1495340
TATN,D,20170614,000000,360.4000000,365.6500000,354.4500000,365.6500000,2024300
TATN,D,20170615,000000,362.7000000,366.9000000,354.6000000,365.0000000,4766870
TATN,D,20170616,000000,364.0000000,365.7000000,349.5500000,350.1000000,3134850
TATN,D,20170619,000000,351.4000000,368.8000000,351.2000000,368.5500000,1519380
TATN,D,20170620,000000,368.4500000,373.1000000,366.2500000,369.0000000,926640
TATN,D,20170621,000000,368.6000000,376.8000000,366.6500000,376.4000000,1143260
TATN,D,20170622,000000,373.4000000,374.9500000,368.0500000,373.1000000,948250
TATN,D,20170623,000000,372.3000000,377.5500000,370.4500000,371.8500000,1263200
TATN,D,20170626,000000,374.0000000,375.1000000,368.6500000,370.0000000,914790
TATN,D,20170627,000000,369.9500000,373.7500000,366.3500000,372.2500000,741790
TATN,D,20170628,000000,371.6000000,380.9000000,368.9000000,380.9000000,1208910
TATN,D,20170629,000000,381.1000000,381.6500000,375.3000000,378.8500000,944540
TATN,D,20170630,000000,378.0000000,382.9500000,372.0000000,375.6000000,1471930
TATN,D,20170703,000000,376.9000000,390.1500000,376.0000000,389.1500000,1370600
TATN,D,20170704,000000,389.1500000,389.2000000,381.7500000,383.4000000,1400490
TATN,D,20170705,000000,383.0000000,388.5000000,380.2500000,388.5000000,1405710
TATN,D,20170706,000000,370.0000000,373.1000000,364.5500000,370.9500000,1974950
TATN,D,20170707,000000,367.6000000,373.5000000,364.6000000,369.1000000,1389020
TATN,D,20170710,000000,367.5000000,371.4000000,361.1500000,365.5000000,849560
TATN,D,20170711,000000,366.6500000,368.0000000,362.5000000,367.0500000,797300
TATN,D,20170712,000000,368.7500000,374.7500000,366.1000000,374.0000000,1498060
TATN,D,20170713,000000,374.0000000,378.0000000,370.0500000,377.8000000,1021690
TATN,D,20170714,000000,377.6500000,379.9500000,374.6500000,378.0000000,683180
TATN,D,20170717,000000,379.0000000,382.0500000,373.3000000,377.3000000,1243430
TATN,D,20170718,000000,377.7500000,380.2000000,368.4500000,371.7500000,1229760
TATN,D,20170719,000000,370.6500000,386.5000000,370.0500000,386.5000000,1619770
TATN,D,20170720,000000,385.0000000,387.2500000,383.0500000,386.7000000,1355780
TATN,D,20170721,000000,384.2000000,387.2000000,382.7000000,385.1000000,709540
TATN,D,20170724,000000,385.9500000,387.7500000,380.7500000,386.7500000,1424200
TATN,D,20170725,000000,385.5500000,387.9500000,376.1000000,380.2000000,1403920
TATN,D,20170726,000000,380.4000000,389.8000000,379.6500000,389.8000000,1918540
TATN,D,20170727,000000,390.1500000,393.8000000,383.4000000,388.1000000,1170910
TATN,D,20170728,000000,385.6000000,386.5000000,375.5000000,379.0000000,1304870
TATN,D,20170731,000000,381.4500000,393.2500000,380.3500000,390.1000000,1195790
TATN,D,20170801,000000,392.6000000,394.0000000,386.9500000,389.8000000,1272030
TATN,D,20170802,000000,390.1000000,393.6000000,387.1500000,392.0000000,1025360
TATN,D,20170803,000000,392.5500000,395.7000000,389.1000000,392.6000000,715710
TATN,D,20170804,000000,390.7000000,390.7000000,379.8500000,382.9500000,1252090
TATN,D,20170807,000000,385.8000000,387.0000000,381.2500000,387.0000000,520730
TATN,D,20170808,000000,387.0000000,401.0000000,385.5500000,401.0000000,1089400
TATN,D,20170809,000000,399.1000000,400.6000000,388.3000000,389.9000000,1509950
TATN,D,20170810,000000,392.4000000,395.8000000,387.5000000,388.1500000,870160
TATN,D,20170811,000000,388.0000000,390.1000000,377.6000000,379.4500000,1687700
TATN,D,20170814,000000,381.4000000,382.6500000,377.0000000,377.0000000,1092450
TATN,D,20170815,000000,377.3000000,378.6500000,373.1500000,377.3500000,546990
TATN,D,20170816,000000,378.2000000,383.7000000,377.3000000,379.2500000,915720
TATN,D,20170817,000000,378.2500000,383.6000000,377.1500000,381.5000000,681990
TATN,D,20170818,000000,379.9000000,384.3000000,374.6000000,380.9500000,832880
TATN,D,20170821,000000,380.9000000,383.1000000,373.3000000,375.5000000,825080
TATN,D,20170822,000000,376.9000000,381.9000000,375.7000000,381.2500000,479600
TATN,D,20170823,000000,380.0000000,383.3500000,377.2500000,382.1500000,830860
TATN,D,20170824,000000,383.1500000,383.8000000,380.4000000,383.2000000,547680
TATN,D,20170825,000000,384.4500000,386.7000000,382.5000000,385.5000000,934420
TATN,D,20170828,000000,385.0500000,390.0000000,382.1000000,388.0000000,834180
TATN,D,20170829,000000,386.9500000,387.2500000,375.1000000,382.8500000,1699040
TATN,D,20170830,000000,382.8000000,384.0000000,376.0000000,381.5500000,976440
TATN,D,20170831,000000,379.0000000,388.0000000,377.0500000,388.0000000,1896390
TATN,D,20170901,000000,386.2000000,389.5000000,384.0500000,386.1500000,1122620
TATN,D,20170904,000000,384.2000000,388.7000000,383.1500000,385.4000000,848760
TATN,D,20170905,000000,387.2500000,389.4000000,383.6500000,386.0000000,1103840
TATN,D,20170906,000000,386.9500000,393.0000000,383.2500000,392.5000000,1702740
TATN,D,20170907,000000,393.2000000,395.8000000,389.4000000,389.4000000,1343500
TATN,D,20170908,000000,389.5000000,396.2500000,388.4000000,395.8500000,966090
TATN,D,20170911,000000,395.9500000,398.3000000,388.2000000,391.0500000,1508390
TATN,D,20170912,000000,391.9000000,392.0000000,383.6000000,391.3500000,1246540
TATN,D,20170913,000000,390.0000000,390.1500000,384.5000000,384.5000000,1687730
TATN,D,20170914,000000,385.5500000,392.8000000,384.2500000,391.0500000,1126840
TATN,D,20170915,000000,390.9500000,398.0000000,386.8000000,396.6000000,2185140
TATN,D,20170918,000000,397.0000000,400.3000000,394.6500000,395.5000000,1015500
TATN,D,20170919,000000,395.0500000,396.9500000,389.2500000,391.0500000,891000
TATN,D,20170920,000000,391.8500000,399.9500000,391.2500000,399.9500000,1168200
TATN,D,20170921,000000,399.9000000,411.0000000,396.3000000,409.4000000,2346580
TATN,D,20170922,000000,408.0500000,409.3000000,400.0000000,402.3500000,1551320
TATN,D,20170925,000000,403.1000000,412.1500000,400.7500000,412.1000000,1067830
TATN,D,20170926,000000,414.2000000,414.2000000,405.7000000,405.7000000,1195300
TATN,D,20170927,000000,407.9000000,412.5000000,403.0000000,410.9500000,1294650
TATN,D,20170928,000000,409.2500000,413.3500000,407.5000000,411.6500000,869770
TATN,D,20170929,000000,410.7000000,411.4500000,403.9500000,411.2500000,1262790
TATN,D,20171002,000000,410.5000000,412.3500000,403.1500000,403.1500000,930680
TATN,D,20171003,000000,404.4000000,408.0500000,403.0500000,404.8500000,874180
TATN,D,20171004,000000,405.0000000,417.0000000,402.5500000,414.8000000,1237700
TATN,D,20171005,000000,415.2500000,422.0000000,413.5000000,419.9500000,950470
TATN,D,20171006,000000,420.0000000,427.6000000,420.0000000,425.0000000,1180290
TATN,D,20171009,000000,424.8500000,426.6000000,420.0000000,421.1000000,677370
TATN,D,20171010,000000,421.8500000,425.0000000,418.4000000,424.3500000,690290
TATN,D,20171011,000000,424.5000000,432.0000000,424.0000000,427.9000000,1207980
TATN,D,20171012,000000,429.0000000,429.9000000,426.0000000,428.6000000,536270
TATN,D,20171013,000000,428.5500000,430.2000000,425.5000000,430.2000000,608560
TATN,D,20171016,000000,430.6000000,431.1500000,426.0000000,429.7500000,1213660
TATN,D,20171017,000000,428.7500000,429.0000000,422.6500000,425.3000000,731260
TATN,D,20171018,000000,425.5000000,426.7500000,418.5500000,421.0500000,952040
TATN,D,20171019,000000,421.6000000,421.7500000,415.1500000,415.5500000,784010
TATN,D,20171020,000000,417.8500000,428.5000000,415.3000000,424.8500000,1440820
TATN,D,20171023,000000,424.0000000,425.5000000,418.2500000,418.9500000,775140
TATN,D,20171024,000000,419.9000000,424.7500000,418.3500000,422.6000000,605930
TATN,D,20171025,000000,423.5500000,424.4500000,411.7000000,412.0000000,1446520
TATN,D,20171026,000000,413.5500000,414.5000000,407.5500000,408.3500000,1310880
TATN,D,20171027,000000,410.0000000,420.8000000,410.0000000,419.8500000,1072960
TATN,D,20171030,000000,419.5500000,431.4500000,416.1000000,424.3000000,1931960
TATN,D,20171031,000000,425.8000000,438.9500000,424.4500000,436.0000000,1820860
TATN,D,20171101,000000,439.0000000,445.5500000,436.3500000,444.4000000,1176580
TATN,D,20171102,000000,443.2000000,443.7500000,434.2000000,439.0000000,1041970
TATN,D,20171103,000000,438.9000000,446.0000000,437.5000000,437.5000000,1254280
TATN,D,20171107,000000,446.2500000,491.9500000,446.2500000,491.9500000,4910450
TATN,D,20171108,000000,494.9000000,499.5000000,487.6000000,490.0000000,1912670
TATN,D,20171109,000000,491.0000000,495.5500000,484.6500000,491.3500000,1365130
TATN,D,20171110,000000,492.2500000,495.1500000,485.2000000,487.0000000,1128850
TATN,D,20171113,000000,487.0000000,500.0000000,484.3000000,484.3000000,1454910
TATN,D,20171114,000000,483.7000000,493.4500000,482.5000000,487.5000000,1328580
TATN,D,20171115,000000,487.5000000,492.8000000,479.6000000,479.6000000,1284580
TATN,D,20171116,000000,481.4500000,483.5000000,471.0000000,471.0000000,1396010
TATN,D,20171117,000000,470.6500000,476.0500000,466.4000000,468.8500000,1152270
TATN,D,20171120,000000,472.0000000,473.3000000,467.0000000,471.0000000,408060
TATN,D,20171121,000000,473.0000000,494.1500000,472.4500000,492.3500000,1596230
TATN,D,20171122,000000,493.0000000,497.0000000,484.1500000,488.9500000,1153390
TATN,D,20171123,000000,487.6500000,488.0500000,480.4500000,483.9500000,666040
TATN,D,20171124,000000,484.0000000,486.8500000,475.9500000,479.5000000,875940
TATN,D,20171127,000000,479.5000000,489.2500000,476.2500000,483.9000000,1199690
TATN,D,20171128,000000,485.5000000,485.5000000,468.8000000,480.0000000,1403530
TATN,D,20171129,000000,478.4000000,479.8500000,466.0500000,467.6500000,1394400
TATN,D,20171130,000000,468.5000000,478.4500000,456.7000000,456.7000000,3764010
TATN,D,20171201,000000,457.8000000,465.0000000,457.8000000,459.7500000,1419250
TATN,D,20171204,000000,459.7500000,518.0000000,455.9000000,511.4500000,4744290
TATN,D,20171205,000000,508.5000000,518.5500000,500.3000000,506.7000000,3581540
TATN,D,20171206,000000,503.6000000,512.3500000,502.0500000,510.9000000,1493190
TATN,D,20171207,000000,509.1500000,511.6000000,503.4000000,507.0000000,1471030
TATN,D,20171208,000000,508.5500000,510.5000000,500.1000000,503.1000000,772850
TATN,D,20171211,000000,504.5000000,516.9500000,503.1500000,516.9500000,1549900
TATN,D,20171212,000000,517.7000000,520.0000000,506.1500000,517.0000000,1904490
TATN,D,20171213,000000,514.4000000,514.9000000,501.6000000,503.0000000,1689590
TATN,D,20171214,000000,504.7500000,510.5000000,491.2000000,492.8000000,2506050
TATN,D,20171215,000000,492.4500000,493.0000000,480.7000000,487.5500000,2205320
TATN,D,20171218,000000,488.6000000,503.0000000,486.6000000,503.0000000,1424900
TATN,D,20171219,000000,501.0500000,506.9000000,490.1500000,491.6500000,1232620
TATN,D,20171220,000000,490.1000000,493.9000000,477.3000000,477.3000000,1538640
TATN,D,20171221,000000,457.4500000,472.5000000,452.3000000,471.9500000,2263490
TATN,D,20171222,000000,470.6000000,481.6000000,465.6500000,481.6000000,868500
TATN,D,20171225,000000,481.3000000,485.0000000,477.0000000,481.7500000,338370
TATN,D,20171226,000000,481.7000000,486.2000000,478.2500000,483.0000000,547590
TATN,D,20171227,000000,483.0500000,487.2500000,478.3500000,482.4000000,1073390
TATN,D,20171228,000000,480.5000000,481.9500000,464.7500000,477.9500000,1061300
TATN,D,20171229,000000,474.5000000,479.3500000,469.4500000,478.8000000,658910
TATN,D,20180103,000000,478.2000000,486.8000000,474.1000000,486.8000000,871800
TATN,D,20180104,000000,486.8000000,502.0000000,484.8000000,502.0000000,1733590
TATN,D,20180105,000000,502.0000000,502.5000000,493.3000000,500.9000000,870600
TATN,D,20180109,000000,502.0500000,514.0000000,502.0500000,511.3000000,1944430
TATN,D,20180110,000000,510.2500000,514.4500000,507.2000000,510.3000000,1412600
TATN,D,20180111,000000,511.3000000,513.2500000,506.0000000,508.9500000,1123390
TATN,D,20180112,000000,508.0000000,515.5500000,506.0500000,515.5500000,1410180
TATN,D,20180115,000000,516.0500000,526.8000000,514.0000000,518.1500000,2141600
TATN,D,20180116,000000,516.3000000,528.9500000,515.0000000,528.9500000,2088160
TATN,D,20180117,000000,524.3500000,546.8500000,521.3500000,546.0000000,3168480
TATN,D,20180118,000000,545.1000000,560.0000000,545.0000000,560.0000000,2307440
TATN,D,20180119,000000,557.0000000,569.8000000,547.5500000,551.2000000,2642720
TATN,D,20180122,000000,552.6000000,567.8500000,548.3500000,567.1500000,2172950
TATN,D,20180123,000000,570.6500000,586.3000000,552.5000000,564.4000000,2407720
TATN,D,20180124,000000,562.5000000,569.7000000,555.0500000,569.7000000,1264240
TATN,D,20180125,000000,570.0500000,578.4000000,564.5500000,573.8000000,2527770
TATN,D,20180126,000000,571.2500000,580.0000000,567.5000000,580.0000000,1509200
TATN,D,20180129,000000,578.0000000,587.8500000,571.0500000,578.6000000,1893830
TATN,D,20180130,000000,575.0000000,582.8000000,561.8500000,565.4000000,1702930
TATN,D,20180131,000000,562.9000000,573.9500000,558.6000000,565.2000000,1772820
TATN,D,20180201,000000,567.4000000,579.0500000,565.6000000,578.6500000,1243590
TATN,D,20180202,000000,576.8500000,580.0000000,574.2000000,579.0000000,1854910
TATN,D,20180205,000000,576.0000000,578.5000000,561.2500000,564.4000000,1959380
TATN,D,20180206,000000,554.0000000,558.0000000,542.7000000,542.7000000,3021510
TATN,D,20180207,000000,548.0000000,568.9000000,548.0000000,563.1000000,2188060
TATN,D,20180208,000000,559.5000000,566.0000000,555.3000000,555.5000000,1860770
TATN,D,20180209,000000,550.1000000,551.9500000,536.7000000,536.7000000,2263800
TATN,D,20180212,000000,542.1500000,546.1500000,536.0000000,536.0000000,1623310
TATN,D,20180213,000000,538.0000000,550.2000000,534.5000000,549.7500000,1649180
TATN,D,20180214,000000,550.0000000,554.0000000,542.6500000,554.0000000,1622190
TATN,D,20180215,000000,556.0000000,565.6500000,554.8000000,560.0000000,1967610
TATN,D,20180216,000000,561.5000000,574.2500000,561.5000000,569.0000000,2927720
TATN,D,20180219,000000,571.5000000,575.7000000,565.0000000,569.0500000,1048380
TATN,D,20180220,000000,569.5000000,574.8000000,567.7000000,574.8000000,882610
TATN,D,20180221,000000,573.0000000,586.3000000,570.1000000,586.3000000,1916360
TATN,D,20180222,000000,584.0000000,600.2000000,580.1000000,599.5000000,2103370
TATN,D,20180226,000000,608.7000000,609.3000000,595.9500000,602.0000000,2499100
TATN,D,20180227,000000,604.5500000,606.2000000,597.4500000,606.2000000,1893220
TATN,D,20180228,000000,602.2000000,603.8000000,591.6000000,594.0000000,4140860
TATN,D,20180301,000000,588.9000000,599.8500000,588.2500000,594.8000000,1937280
TATN,D,20180302,000000,592.0500000,598.9000000,585.0000000,595.0000000,1341900
TATN,D,20180305,000000,597.7500000,604.4500000,596.5500000,600.4000000,1402980
TATN,D,20180306,000000,602.0000000,606.9500000,600.2000000,604.0000000,1509940
TATN,D,20180307,000000,601.0000000,601.7500000,590.0500000,595.2500000,2269590
TATN,D,20180309,000000,593.5500000,604.1000000,593.1000000,604.0000000,1085810
TATN,D,20180312,000000,604.1000000,608.1000000,600.0000000,606.8000000,1230490
TATN,D,20180313,000000,605.6500000,610.0000000,601.8500000,606.5000000,1841890
TATN,D,20180314,000000,605.8000000,607.0000000,599.0000000,602.9500000,1575240
TATN,D,20180315,000000,602.4000000,607.0000000,596.8000000,606.7000000,2266350
TATN,D,20180316,000000,604.8500000,613.2500000,600.8500000,613.2500000,5019310
TATN,D,20180319,000000,613.2500000,624.0000000,607.5000000,611.0000000,1615400
TATN,D,20180320,000000,613.4500000,621.4000000,609.7000000,620.0000000,1561420
TATN,D,20180321,000000,621.0000000,624.7500000,618.1000000,618.8000000,1538730
TATN,D,20180322,000000,618.8000000,622.5000000,613.4000000,616.7500000,1283640
TATN,D,20180323,000000,613.8500000,620.4500000,610.3000000,618.3500000,1191200
TATN,D,20180326,000000,617.4000000,618.8000000,603.1500000,603.5000000,1781290
TATN,D,20180327,000000,607.3500000,613.5000000,601.6000000,605.5000000,1664630
TATN,D,20180328,000000,603.0000000,609.0000000,600.0000000,604.0000000,1574770
TATN,D,20180329,000000,607.4500000,615.0000000,599.0500000,615.0000000,2393810
TATN,D,20180330,000000,615.0000000,616.6500000,610.0500000,611.6000000,390670
TATN,D,20180402,000000,611.1000000,614.8500000,598.3000000,598.3000000,809290
TATN,D,20180403,000000,599.5500000,604.9500000,597.6500000,604.9500000,981760
TATN,D,20180404,000000,604.9000000,607.9000000,595.0000000,599.7500000,1747220
TATN,D,20180405,000000,600.5000000,615.0000000,600.5000000,614.5500000,1044970
TATN,D,20180406,000000,610.5500000,612.3000000,605.3000000,610.0000000,986380
TATN,D,20180409,000000,607.6500000,609.5500000,575.6000000,596.7000000,5447530
TATN,D,20180410,000000,600.0500000,649.4000000,598.1000000,644.5000000,3981790
TATN,D,20180411,000000,640.3500000,660.5000000,637.8500000,650.2500000,3251600
TATN,D,20180412,000000,650.8500000,655.6500000,641.8500000,655.6500000,2263020
TATN,D,20180413,000000,655.0500000,657.6000000,642.8000000,647.7500000,2133630
TATN,D,20180416,000000,644.4500000,658.9500000,640.1500000,650.0000000,1733890
TATN,D,20180417,000000,653.0500000,660.0000000,650.7000000,657.0000000,2463630
TATN,D,20180418,000000,657.5500000,663.3500000,654.0000000,660.5500000,2221450
TATN,D,20180419,000000,660.5000000,661.3500000,649.4500000,660.0000000,1819930
TATN,D,20180420,000000,657.3500000,659.6500000,651.5000000,657.1000000,1360490
TATN,D,20180423,000000,655.3500000,666.2000000,652.6000000,659.4500000,1969410
TATN,D,20180424,000000,660.9000000,663.6000000,658.3500000,661.0000000,978430
TATN,D,20180425,000000,658.2500000,666.0000000,654.3500000,666.0000000,1161180
TATN,D,20180426,000000,665.9500000,680.3500000,663.7000000,680.0000000,1537080
TATN,D,20180427,000000,679.6500000,685.2500000,666.1500000,685.2500000,1527510
TATN,D,20180428,000000,678.7000000,683.7500000,675.2500000,682.0500000,278600
TATN,D,20180430,000000,678.7000000,678.8500000,671.0500000,671.0500000,743860
TATN,D,20180502,000000,669.7000000,680.2500000,661.1500000,671.0000000,2102110
TATN,D,20180503,000000,669.6000000,670.9500000,650.0000000,650.0000000,2161890
TATN,D,20180504,000000,653.7500000,663.2000000,647.7500000,659.3500000,1782430
TATN,D,20180507,000000,661.7500000,667.2000000,653.1500000,654.1500000,1091260
TATN,D,20180508,000000,654.9500000,666.9500000,651.5000000,666.9500000,1744770
TATN,D,20180510,000000,677.8000000,677.9000000,664.6500000,671.8000000,1830770
TATN,D,20180511,000000,672.5000000,681.5500000,672.0000000,677.5500000,1360290
TATN,D,20180514,000000,677.3500000,690.7000000,674.6500000,685.2500000,1434680
TATN,D,20180515,000000,685.7000000,692.8000000,678.2500000,679.5500000,2308950
TATN,D,20180516,000000,681.8000000,687.9500000,673.0000000,676.0000000,1981750
TATN,D,20180517,000000,679.3000000,685.0000000,672.0000000,672.1000000,1498830
TATN,D,20180518,000000,673.2000000,687.0000000,672.0000000,681.5000000,1499410
TATN,D,20180521,000000,684.0000000,697.5000000,681.8500000,685.0000000,1233560
TATN,D,20180522,000000,685.0000000,685.5000000,675.1000000,676.0500000,1236930
TATN,D,20180523,000000,675.1000000,678.3500000,664.3000000,664.3000000,1501020
TATN,D,20180524,000000,666.7500000,672.9500000,662.4000000,664.0000000,1129880
TATN,D,20180525,000000,665.5000000,674.6500000,663.2000000,667.6000000,1287200
TATN,D,20180528,000000,667.7000000,667.9500000,663.3000000,663.3500000,403010
TATN,D,20180529,000000,664.9000000,676.2500000,663.5000000,675.9500000,1529650
TATN,D,20180530,000000,676.5000000,682.9500000,667.1000000,669.5000000,1880540
TATN,D,20180531,000000,672.8000000,677.4500000,663.6500000,666.5000000,5375720
TATN,D,20180601,000000,669.4000000,674.9500000,662.7000000,665.5500000,1122860
TATN,D,20180604,000000,667.8000000,675.4000000,666.3000000,670.4500000,977800
TATN,D,20180605,000000,668.2000000,677.2500000,668.0500000,673.8500000,1050350
TATN,D,20180606,000000,673.9500000,676.2500000,665.0000000,668.5000000,789230
TATN,D,20180607,000000,669.5000000,675.5000000,668.0000000,668.0000000,1113720
TATN,D,20180608,000000,669.3500000,676.6500000,653.0500000,653.3000000,3082790
TATN,D,20180609,000000,656.5500000,659.9500000,654.3000000,656.6000000,87050
TATN,D,20180611,000000,658.7500000,659.5500000,651.1000000,653.0000000,789170
TATN,D,20180613,000000,654.4000000,659.9500000,651.3500000,655.0000000,1861950
TATN,D,20180614,000000,655.0000000,656.8000000,639.6000000,642.0500000,2145430
TATN,D,20180615,000000,640.8500000,655.9000000,640.8500000,650.0000000,3586100
TATN,D,20180618,000000,648.0500000,649.7500000,641.0000000,641.0000000,1362850
TATN,D,20180619,000000,639.8000000,650.5000000,636.9000000,646.0500000,2531820
TATN,D,20180620,000000,650.7500000,666.0000000,650.6500000,655.0000000,1776420
TATN,D,20180621,000000,655.8000000,668.3000000,655.8000000,661.4500000,1861390
TATN,D,20180622,000000,664.3500000,672.3500000,655.8000000,656.6500000,1728070
TATN,D,20180625,000000,658.4000000,679.8500000,656.8500000,672.6500000,1446010
TATN,D,20180626,000000,676.7500000,681.5000000,659.6000000,660.4500000,1511960
TATN,D,20180627,000000,663.0000000,679.0000000,662.6500000,674.1500000,1295780
TATN,D,20180628,000000,674.7500000,675.5500000,655.2000000,658.0000000,1696390
TATN,D,20180629,000000,664.8500000,675.9500000,659.4500000,675.9500000,1844200
TATN,D,20180702,000000,674.7000000,679.4500000,669.3500000,677.2000000,1704800
TATN,D,20180703,000000,674.8500000,682.0000000,673.0000000,678.0000000,1612760
TATN,D,20180704,000000,678.0000000,687.5500000,676.8000000,684.1500000,906070
TATN,D,20180705,000000,672.9000000,686.0000000,668.7000000,686.0000000,1531770
TATN,D,20180706,000000,684.0000000,684.0000000,669.6500000,678.7500000,1118490
TATN,D,20180709,000000,677.5500000,690.0000000,677.5500000,689.9500000,881520
TATN,D,20180710,000000,693.8500000,701.8000000,686.1500000,699.9000000,2365230
TATN,D,20180711,000000,697.5000000,700.8500000,691.1500000,694.0000000,1439660
TATN,D,20180712,000000,691.0000000,697.7000000,688.1500000,697.0500000,1202620
TATN,D,20180713,000000,698.8000000,703.7000000,694.0000000,703.7000000,1009990
TATN,D,20180716,000000,700.6000000,702.8500000,694.1000000,699.7000000,995940
TATN,D,20180717,000000,695.9500000,696.9000000,686.5000000,690.0500000,853970
TATN,D,20180718,000000,690.9500000,702.0000000,690.1500000,701.4500000,1074800
TATN,D,20180719,000000,701.0000000,704.9500000,699.2000000,704.9500000,822070
TATN,D,20180720,000000,703.0000000,704.6500000,695.2500000,700.0000000,1155240
TATN,D,20180723,000000,699.5000000,702.4500000,692.8000000,693.2000000,663030
TATN,D,20180724,000000,692.6500000,694.1000000,687.3000000,691.7000000,539620
TATN,D,20180725,000000,689.0000000,705.8000000,688.1000000,705.0000000,813990
TATN,D,20180726,000000,706.3500000,715.0000000,701.2500000,710.7000000,893850
TATN,D,20180727,000000,710.0000000,713.5000000,702.6000000,707.8000000,508830
TATN,D,20180730,000000,706.1000000,718.0000000,703.1000000,718.0000000,1088460
TATN,D,20180731,000000,714.5500000,721.4000000,712.5000000,721.4000000,1707940
TATN,D,20180801,000000,719.8000000,731.0000000,717.4000000,728.9000000,1234180
TATN,D,20180802,000000,729.4000000,733.0000000,721.0000000,723.1000000,880550
TATN,D,20180803,000000,722.3000000,730.0000000,718.6000000,730.0000000,981620
TATN,D,20180806,000000,726.9000000,739.0000000,726.2000000,731.9000000,745620
TATN,D,20180807,000000,732.0000000,735.3000000,728.0000000,732.8000000,546300
TATN,D,20180808,000000,731.8000000,740.0000000,724.0000000,740.0000000,1119700
TATN,D,20180809,000000,738.9000000,747.5000000,732.5000000,747.5000000,1809710
TATN,D,20180810,000000,745.0000000,752.9000000,738.8000000,752.0000000,1460530
TATN,D,20180813,000000,751.2000000,763.3000000,749.3000000,758.5000000,1492000
TATN,D,20180814,000000,761.9000000,761.9000000,742.4000000,752.6000000,1469650
TATN,D,20180815,000000,750.7000000,753.5000000,738.6000000,753.5000000,1626270
TATN,D,20180816,000000,753.0000000,753.4000000,740.4000000,742.0000000,988020
TATN,D,20180817,000000,741.4000000,746.0000000,734.6000000,740.0000000,1093830
TATN,D,20180820,000000,743.5000000,751.0000000,742.3000000,751.0000000,739880
TATN,D,20180821,000000,753.3000000,759.9000000,746.3000000,757.8000000,732650
TATN,D,20180822,000000,759.7000000,764.8000000,751.4000000,764.8000000,1233850
TATN,D,20180823,000000,762.2000000,769.7000000,760.2000000,760.5000000,1275510
TATN,D,20180824,000000,762.7000000,775.0000000,755.7000000,774.9000000,1149010
TATN,D,20180827,000000,776.6000000,783.1000000,772.6000000,783.1000000,819280
TATN,D,20180828,000000,785.3000000,787.7000000,779.3000000,784.8000000,738810
TATN,D,20180829,000000,784.8000000,794.9000000,783.7000000,794.9000000,679000
TATN,D,20180830,000000,798.1000000,800.8000000,792.2000000,795.9000000,1395520
TATN,D,20180831,000000,793.5000000,796.4000000,777.5000000,783.1000000,1499470
TATN,D,20180903,000000,785.6000000,794.5000000,781.1000000,788.3000000,378450
TATN,D,20180904,000000,788.0000000,795.3000000,783.0000000,787.0000000,678500
TATN,D,20180905,000000,785.0000000,791.3000000,779.8000000,779.8000000,940870
TATN,D,20180906,000000,781.4000000,793.8000000,777.7000000,785.6000000,639700
TATN,D,20180907,000000,787.5000000,788.8000000,778.2000000,785.5000000,668480
TATN,D,20180910,000000,786.9000000,813.0000000,786.1000000,813.0000000,958410
TATN,D,20180911,000000,810.8000000,820.0000000,801.2000000,813.1000000,1760460
TATN,D,20180912,000000,814.6000000,818.9000000,794.0000000,798.8000000,1222080
TATN,D,20180913,000000,798.2000000,802.0000000,790.9000000,796.1000000,741450
TATN,D,20180914,000000,797.6000000,800.5000000,787.6000000,794.0000000,1053380
TATN,D,20180917,000000,796.0000000,796.3000000,782.0000000,784.9000000,923450
TATN,D,20180918,000000,783.7000000,787.0000000,776.0000000,786.8000000,912750
TATN,D,20180919,000000,787.5000000,789.4000000,778.8000000,783.9000000,1343020
TATN,D,20180920,000000,786.3000000,791.7000000,780.5000000,783.1000000,3298210
TATN,D,20180921,000000,786.4000000,798.2000000,783.6000000,795.5000000,4201990
TATN,D,20180924,000000,796.2000000,797.9000000,781.4000000,784.1000000,948630
TATN,D,20180925,000000,784.7000000,818.1000000,783.4000000,818.1000000,1960690
TATN,D,20180926,000000,817.0000000,820.5000000,810.0000000,813.3000000,1595710
TATN,D,20180927,000000,813.5000000,837.0000000,813.5000000,837.0000000,2264500
TATN,D,20180928,000000,834.2000000,835.9000000,818.6000000,835.4000000,1817850
TATN,D,20181001,000000,839.2000000,847.1000000,821.2000000,833.2000000,1101120
TATN,D,20181002,000000,836.7000000,836.7000000,807.8000000,813.8000000,1120210
TATN,D,20181003,000000,814.0000000,831.3000000,814.0000000,826.3000000,1123360
TATN,D,20181004,000000,826.3000000,830.0000000,816.0000000,819.6000000,970450
TATN,D,20181005,000000,818.7000000,831.5000000,810.1000000,810.1000000,1117210
TATN,D,20181008,000000,811.1000000,833.1000000,809.6000000,821.4000000,992490
TATN,D,20181009,000000,823.9000000,831.5000000,822.6000000,823.9000000,863160
TATN,D,20181010,000000,822.3000000,829.3000000,818.0000000,823.8000000,1176310
TATN,D,20181011,000000,797.0000000,803.5000000,772.3000000,778.3000000,1911010
TATN,D,20181012,000000,786.4000000,797.5000000,775.3000000,790.0000000,970570
TATN,D,20181015,000000,794.1000000,796.9000000,775.7000000,789.7000000,764500
TATN,D,20181016,000000,789.7000000,789.8000000,777.7000000,786.4000000,617330
TATN,D,20181017,000000,789.4000000,792.6000000,781.4000000,790.5000000,565850
TATN,D,20181018,000000,785.7000000,787.4000000,776.3000000,779.0000000,819270
TATN,D,20181019,000000,780.9000000,789.6000000,775.9000000,776.0000000,757580
TATN,D,20181022,000000,778.5000000,789.1000000,775.1000000,776.9000000,921090
TATN,D,20181023,000000,775.4000000,779.1000000,765.0000000,765.5000000,1173960
TATN,D,20181024,000000,770.0000000,784.2000000,765.7000000,776.6000000,1779650
TATN,D,20181025,000000,770.0000000,782.4000000,766.6000000,776.5000000,1355340
TATN,D,20181026,000000,775.2000000,776.2000000,750.1000000,762.1000000,900820
TATN,D,20181029,000000,760.0000000,764.7000000,755.7000000,762.9000000,405450
TATN,D,20181030,000000,759.1000000,759.7000000,741.8000000,754.9000000,762540
TATN,D,20181031,000000,757.7000000,784.4000000,757.2000000,784.4000000,1780880
TATN,D,20181101,000000,780.1000000,787.0000000,765.1000000,779.0000000,1124020
TATN,D,20181102,000000,784.4000000,793.4000000,775.0000000,792.7000000,1200680
TATN,D,20181106,000000,792.7000000,803.6000000,788.7000000,802.2000000,1133830
TATN,D,20181107,000000,799.9000000,814.1000000,791.3000000,814.1000000,1320280
TATN,D,20181108,000000,815.5000000,819.2000000,807.4000000,819.2000000,1080260
TATN,D,20181109,000000,815.0000000,815.3000000,798.4000000,813.4000000,939970
TATN,D,20181112,000000,812.0000000,824.0000000,810.2000000,812.3000000,620760
TATN,D,20181113,000000,810.0000000,813.8000000,792.1000000,793.0000000,1224610
TATN,D,20181114,000000,786.9000000,787.8000000,762.4000000,762.5000000,2120010
TATN,D,20181115,000000,765.2000000,768.9000000,752.3000000,752.3000000,898780
TATN,D,20181116,000000,759.6000000,766.3000000,751.5000000,760.8000000,1118530
TATN,D,20181119,000000,761.1000000,774.0000000,761.1000000,763.6000000,906710
TATN,D,20181120,000000,761.2000000,761.2000000,742.0000000,750.8000000,725290
TATN,D,20181121,000000,744.3000000,762.0000000,742.6000000,758.3000000,839200
TATN,D,20181122,000000,757.9000000,760.0000000,748.1000000,755.0000000,679490
TATN,D,20181123,000000,749.7000000,751.3000000,720.1000000,726.7000000,1513850
TATN,D,20181126,000000,729.6000000,729.6000000,692.6000000,705.7000000,1680710
TATN,D,20181127,000000,706.3000000,710.7000000,687.6000000,705.0000000,1160960
TATN,D,20181128,000000,707.0000000,735.8000000,705.4000000,725.6000000,1110200
TATN,D,20181129,000000,726.4000000,743.7000000,714.0000000,714.0000000,2205580
TATN,D,20181130,000000,716.6000000,720.0000000,710.1000000,712.7000000,2767030
TATN,D,20181203,000000,721.5000000,748.8000000,721.5000000,743.8000000,1923430
TATN,D,20181204,000000,746.0000000,771.3000000,738.3000000,771.3000000,1992840
TATN,D,20181205,000000,758.7000000,778.9000000,749.0000000,778.7000000,1767490
TATN,D,20181206,000000,767.9000000,778.4000000,753.5000000,765.0000000,1813660
TATN,D,20181207,000000,766.9000000,782.4000000,750.9000000,776.0000000,1610990
TATN,D,20181210,000000,769.3000000,771.7000000,759.9000000,759.9000000,917360
TATN,D,20181211,000000,760.0000000,772.8000000,747.8000000,760.0000000,1377680
TATN,D,20181212,000000,765.0000000,766.0000000,738.7000000,738.7000000,1205690
TATN,D,20181213,000000,739.9000000,746.1000000,730.0000000,736.0000000,1351850
TATN,D,20181214,000000,736.0000000,737.0000000,722.2000000,726.4000000,729760
TATN,D,20181217,000000,726.7000000,738.1000000,721.5000000,727.0000000,632730
TATN,D,20181218,000000,719.7000000,728.3000000,715.1000000,719.6000000,1431950
TATN,D,20181219,000000,716.0000000,720.0000000,700.7000000,714.3000000,1680290
TATN,D,20181220,000000,706.2000000,714.7000000,701.0000000,714.7000000,1419640
TATN,D,20181221,000000,710.0000000,713.9000000,693.4000000,710.0000000,2764040
TATN,D,20181224,000000,707.0000000,710.3000000,697.7000000,703.0000000,379540
TATN,D,20181225,000000,695.0000000,703.0000000,680.5000000,696.8000000,379120
TATN,D,20181226,000000,700.1000000,719.9000000,694.9000000,712.0000000,297030
TATN,D,20181227,000000,725.9000000,727.0000000,711.1000000,717.0000000,894200
TATN,D,20181228,000000,720.0000000,746.7000000,716.8000000,737.8000000,1242470
TATN,D,20181229,000000,734.9000000,741.8000000,649.4000000,737.9000000,172170
TATN,D,20190103,000000,737.9000000,737.9000000,715.7000000,731.8000000,1189570
TATN,D,20190104,000000,734.2000000,737.7000000,726.2000000,737.7000000,1026610
TATN,D,20190108,000000,715.8000000,724.0000000,708.1000000,723.2000000,1682220
TATN,D,20190109,000000,722.2000000,723.8000000,710.1000000,717.9000000,1250860
TATN,D,20190110,000000,718.2000000,733.0000000,712.1000000,732.6000000,1566140
TATN,D,20190111,000000,732.0000000,732.0000000,721.3000000,730.3000000,1411380
TATN,D,20190114,000000,728.2000000,728.6000000,719.3000000,725.0000000,1088030
TATN,D,20190115,000000,726.0000000,731.9000000,719.1000000,721.0000000,1526180
TATN,D,20190116,000000,720.0000000,728.5000000,718.6000000,722.0000000,1637560
TATN,D,20190117,000000,724.4000000,735.1000000,716.5000000,734.1000000,1991860
TATN,D,20190118,000000,733.8000000,742.9000000,729.1000000,741.0000000,1283910
TATN,D,20190121,000000,738.0000000,742.4000000,732.6000000,735.4000000,691020
TATN,D,20190122,000000,732.7000000,751.9000000,728.7000000,750.5000000,1713780
TATN,D,20190123,000000,748.1000000,784.3000000,746.3000000,784.0000000,2071460
TATN,D,20190124,000000,782.9000000,783.0000000,765.3000000,772.9000000,1467320
TATN,D,20190125,000000,775.9000000,798.9000000,770.0000000,798.9000000,1329960
TATN,D,20190128,000000,796.4000000,805.0000000,785.9000000,791.4000000,1623570
TATN,D,20190129,000000,791.0000000,799.8000000,781.0000000,798.8000000,1322280
TATN,D,20190130,000000,797.1000000,806.9000000,792.2000000,806.9000000,1255970
TATN,D,20190131,000000,811.0000000,814.9000000,801.9000000,806.9000000,2037460
TATN,D,20190201,000000,805.2000000,815.0000000,801.4000000,808.1000000,1336790
TATN,D,20190204,000000,807.1000000,808.8000000,802.1000000,803.2000000,895990
TATN,D,20190205,000000,805.2000000,814.0000000,803.1000000,810.0000000,647890
TATN,D,20190206,000000,807.9000000,811.0000000,798.5000000,804.0000000,945360
TATN,D,20190207,000000,802.0000000,809.4000000,795.0000000,804.7000000,1004840
TATN,D,20190208,000000,800.9000000,802.3000000,786.0000000,787.3000000,963560
TATN,D,20190211,000000,788.1000000,795.0000000,778.6000000,780.0000000,898600
TATN,D,20190212,000000,782.5000000,785.6000000,774.2000000,784.5000000,1113530
TATN,D,20190213,000000,784.2000000,785.1000000,761.6000000,761.6000000,1212040
TATN,D,20190214,000000,756.8000000,779.0000000,755.7000000,763.9000000,1408620
TATN,D,20190215,000000,768.3000000,790.3000000,762.8000000,790.3000000,1192080
TATN,D,20190218,000000,786.2000000,788.3000000,771.2000000,778.5000000,889470
TATN,D,20190219,000000,778.0000000,781.9000000,770.0000000,772.8000000,621810
TATN,D,20190220,000000,775.9000000,794.3000000,772.7000000,793.6000000,1394350
TATN,D,20190221,000000,793.6000000,799.6000000,791.3000000,796.0000000,1275530
TATN,D,20190222,000000,794.3000000,800.5000000,793.2000000,799.9000000,857710
TATN,D,20190225,000000,799.9000000,800.0000000,783.0000000,787.1000000,948340
TATN,D,20190226,000000,783.0000000,789.9000000,779.1000000,789.9000000,1096650
TATN,D,20190227,000000,793.8000000,797.7000000,785.2000000,794.9000000,1581990
TATN,D,20190228,000000,791.6000000,796.5000000,775.5000000,776.1000000,2348910
TATN,D,20190301,000000,779.6000000,783.1000000,774.1000000,775.2000000,1177790
TATN,D,20190304,000000,778.1000000,779.6000000,770.1000000,770.1000000,448960
TATN,D,20190305,000000,768.0000000,770.0000000,760.0000000,760.0000000,620600
TATN,D,20190306,000000,761.8000000,770.0000000,761.8000000,766.0000000,678410
TATN,D,20190307,000000,766.2000000,767.1000000,753.9000000,755.2000000,917880
TATN,D,20190311,000000,755.7000000,756.0000000,742.6000000,747.0000000,852160
TATN,D,20190312,000000,749.0000000,751.3000000,727.9000000,732.5000000,1116870
TATN,D,20190313,000000,734.3000000,734.3000000,716.6000000,729.0000000,1148560
TATN,D,20190314,000000,730.0000000,737.8000000,724.1000000,731.8000000,1046370
TATN,D,20190315,000000,731.7000000,744.4000000,729.4000000,743.8000000,2610930
TATN,D,20190318,000000,742.8000000,757.8000000,737.0000000,753.1000000,1006930
TATN,D,20190319,000000,755.0000000,768.1000000,751.5000000,767.0000000,1282350
TATN,D,20190320,000000,767.1000000,780.0000000,760.8000000,772.6000000,1263400
TATN,D,20190321,000000,773.6000000,783.0000000,757.6000000,768.0000000,2566330
TATN,D,20190322,000000,765.9000000,772.8000000,753.0000000,757.2000000,1236470
TATN,D,20190325,000000,752.0000000,758.5000000,745.8000000,747.2000000,701740
TATN,D,20190326,000000,750.3000000,760.4000000,746.8000000,755.5000000,771580
TATN,D,20190327,000000,757.8000000,765.0000000,744.2000000,746.9000000,785770
TATN,D,20190328,000000,745.0000000,759.4000000,744.8000000,755.6000000,724890
TATN,D,20190329,000000,757.6000000,764.8000000,748.9000000,755.0000000,1819040
TATN,D,20190401,000000,755.6000000,763.3000000,750.7000000,750.7000000,760470
TATN,D,20190402,000000,750.9000000,755.0000000,738.0000000,742.9000000,1044100
TATN,D,20190403,000000,746.0000000,754.2000000,743.1000000,743.1000000,1159650
TATN,D,20190404,000000,745.0000000,745.9000000,730.4000000,733.1000000,922510
TATN,D,20190405,000000,734.5000000,738.0000000,726.4000000,731.2000000,627550
TATN,D,20190408,000000,732.0000000,755.8000000,731.3000000,754.2000000,1282400
TATN,D,20190409,000000,755.7000000,763.2000000,750.2000000,760.9000000,1156230
TATN,D,20190410,000000,760.9000000,767.0000000,755.0000000,758.8000000,1947860
TATN,D,20190411,000000,762.4000000,762.7000000,746.4000000,751.0000000,1053260
TATN,D,20190412,000000,751.0000000,753.8000000,743.0000000,750.5000000,810650
TATN,D,20190415,000000,750.6000000,751.6000000,738.8000000,741.9000000,633540
TATN,D,20190416,000000,742.5000000,752.0000000,738.9000000,746.9000000,919610
TATN,D,20190417,000000,750.9000000,754.9000000,745.1000000,751.6000000,1023430
TATN,D,20190418,000000,749.2000000,750.0000000,741.0000000,749.2000000,638750
TATN,D,20190419,000000,748.5000000,750.0000000,748.0000000,748.9000000,97720
TATN,D,20190422,000000,750.1000000,756.5000000,750.1000000,752.0000000,150790
TATN,D,20190423,000000,754.2000000,756.6000000,743.0000000,750.2000000,565110
TATN,D,20190424,000000,748.1000000,753.5000000,740.3000000,743.5000000,1327780
TATN,D,20190425,000000,742.4000000,744.6000000,734.1000000,738.2000000,1113420
TATN,D,20190426,000000,738.9000000,777.3000000,733.2000000,767.3000000,3067830
TATN,D,20190429,000000,765.5000000,767.3000000,749.5000000,754.9000000,1075880
TATN,D,20190430,000000,753.8000000,764.4000000,751.1000000,757.5000000,1456370
TATN,D,20190502,000000,757.5000000,769.7000000,753.3000000,754.1000000,907190
TATN,D,20190503,000000,755.6000000,769.0000000,755.6000000,765.5000000,932500
TATN,D,20190506,000000,761.0000000,769.0000000,755.2000000,765.3000000,485190
TATN,D,20190507,000000,765.6000000,768.8000000,742.0000000,750.5000000,1750150
TATN,D,20190508,000000,747.1000000,748.5000000,723.2000000,723.2000000,2018580
TATN,D,20190510,000000,724.8000000,727.7000000,704.1000000,705.1000000,2050760
TATN,D,20190513,000000,707.8000000,716.2000000,689.6000000,690.9000000,2105390
TATN,D,20190514,000000,693.5000000,739.4000000,693.5000000,706.4000000,4416680
TATN,D,20190515,000000,706.9000000,714.0000000,691.4000000,693.3000000,2029540
TATN,D,20190516,000000,693.3000000,708.1000000,675.3000000,675.9000000,2594900
TATN,D,20190517,000000,669.0000000,697.1000000,666.0000000,679.4000000,3396660
TATN,D,20190520,000000,684.7000000,686.7000000,673.5000000,681.1000000,2055930
TATN,D,20190521,000000,684.0000000,707.9000000,680.3000000,706.7000000,2015160
TATN,D,20190522,000000,705.6000000,721.8000000,699.1000000,720.0000000,2291440
TATN,D,20190523,000000,723.3000000,723.3000000,704.4000000,708.0000000,1454920
TATN,D,20190524,000000,711.1000000,718.4000000,696.8000000,696.8000000,1559140
TATN,D,20190527,000000,698.4000000,704.2000000,695.0000000,695.3000000,586730
TATN,D,20190528,000000,696.2000000,714.4000000,685.0000000,702.8000000,6983900
TATN,D,20190529,000000,700.1000000,725.9000000,697.5000000,725.9000000,2590220
TATN,D,20190530,000000,725.8000000,759.5000000,725.1000000,754.1000000,2896310
TATN,D,20190531,000000,744.0000000,759.0000000,735.0000000,748.5000000,2393440
TATN,D,20190603,000000,746.8000000,760.8000000,740.5000000,759.9000000,1898120
TATN,D,20190604,000000,759.9000000,771.5000000,752.1000000,766.9000000,2214710
TATN,D,20190605,000000,769.7000000,769.7000000,744.6000000,755.7000000,1184300
TATN,D,20190606,000000,755.7000000,763.3000000,752.0000000,758.6000000,1424140
TATN,D,20190607,000000,768.8000000,775.0000000,753.6000000,753.6000000,1409860
TATN,D,20190610,000000,757.0000000,761.8000000,752.4000000,759.4000000,972660
TATN,D,20190611,000000,761.0000000,778.1000000,757.0000000,777.4000000,2893080
TATN,D,20190613,000000,774.6000000,779.8000000,763.2000000,770.0000000,2007730
TATN,D,20190614,000000,767.4000000,773.7000000,761.0000000,765.0000000,1327450
TATN,D,20190617,000000,766.1000000,769.1000000,758.8000000,759.7000000,1108120
TATN,D,20190618,000000,759.9000000,779.7000000,757.3000000,775.0000000,1474800
TATN,D,20190619,000000,776.9000000,781.3000000,768.3000000,771.9000000,1109610
TATN,D,20190620,000000,774.0000000,789.9000000,773.0000000,789.4000000,2759590
TATN,D,20190621,000000,791.0000000,791.0000000,769.2000000,776.8000000,3198410
TATN,D,20190624,000000,777.4000000,778.7000000,767.2000000,769.8000000,1359840
TATN,D,20190625,000000,769.0000000,772.9000000,753.4000000,763.5000000,1430080
TATN,D,20190626,000000,765.4000000,773.9000000,757.7000000,770.0000000,1931430
TATN,D,20190627,000000,771.6000000,777.9000000,767.3000000,773.3000000,1422470
TATN,D,20190628,000000,776.8000000,781.2000000,770.6000000,774.9000000,1328820
TATN,D,20190701,000000,780.0000000,784.3000000,768.0000000,768.0000000,1575190
TATN,D,20190702,000000,768.9000000,772.6000000,765.3000000,769.4000000,2443610
TATN,D,20190703,000000,771.9000000,784.0000000,766.0000000,780.0000000,3172260
TATN,D,20190704,000000,752.7000000,760.5000000,750.2000000,760.5000000,1849780
TATN,D,20190705,000000,761.4000000,766.1000000,757.2000000,762.7000000,1378220
TATN,D,20190708,000000,761.8000000,762.7000000,755.1000000,760.9000000,954100
TATN,D,20190709,000000,758.5000000,765.0000000,748.7000000,753.6000000,1128520
TATN,D,20190710,000000,754.0000000,755.2000000,745.2000000,748.0000000,874500
TATN,D,20190711,000000,750.0000000,750.2000000,733.3000000,741.3000000,1125760
TATN,D,20190712,000000,740.1000000,741.2000000,725.2000000,726.9000000,996740
TATN,D,20190715,000000,728.1000000,731.9000000,717.5000000,717.5000000,790160
TATN,D,20190716,000000,717.0000000,731.6000000,716.1000000,730.0000000,1800250
TATN,D,20190717,000000,728.0000000,749.3000000,727.9000000,741.0000000,2851140
TATN,D,20190718,000000,739.8000000,742.6000000,730.5000000,738.0000000,1720400
TATN,D,20190719,000000,736.6000000,752.0000000,736.4000000,744.0000000,1680220
TATN,D,20190722,000000,744.4000000,747.9000000,733.6000000,733.6000000,1005160
TATN,D,20190723,000000,735.2000000,747.9000000,733.8000000,747.9000000,1799450
TATN,D,20190724,000000,749.1000000,751.1000000,737.2000000,741.3000000,1628640
TATN,D,20190725,000000,743.0000000,746.6000000,734.0000000,740.5000000,2183870
TATN,D,20190726,000000,738.9000000,741.4000000,732.9000000,734.6000000,1532110
TATN,D,20190729,000000,735.5000000,743.4000000,735.0000000,738.1000000,1235420
TATN,D,20190730,000000,737.7000000,742.0000000,728.0000000,737.5000000,1389980
TATN,D,20190731,000000,736.8000000,743.2000000,730.3000000,743.2000000,2553980
TATN,D,20190801,000000,738.6000000,758.8000000,738.2000000,755.0000000,2536230
TATN,D,20190802,000000,750.0000000,755.8000000,731.2000000,732.2000000,2248200
TATN,D,20190805,000000,730.9000000,732.5000000,716.4000000,716.4000000,1697180
TATN,D,20190806,000000,723.5000000,746.7000000,720.6000000,740.0000000,3475260
TATN,D,20190807,000000,738.0000000,741.7000000,727.7000000,727.8000000,1515460
TATN,D,20190808,000000,734.4000000,740.9000000,733.4000000,738.7000000,1290880
TATN,D,20190809,000000,737.4000000,741.0000000,735.9000000,737.3000000,1009960
TATN,D,20190812,000000,740.1000000,744.3000000,734.7000000,738.6000000,693090
TATN,D,20190813,000000,736.0000000,739.7000000,721.1000000,729.0000000,2224870
TATN,D,20190814,000000,729.3000000,732.3000000,706.0000000,709.4000000,1511140
TATN,D,20190815,000000,711.8000000,717.8000000,702.5000000,702.5000000,1732300
TATN,D,20190816,000000,705.7000000,713.8000000,702.2000000,705.0000000,1638020
TATN,D,20190819,000000,709.6000000,717.5000000,706.1000000,712.8000000,1191590
TATN,D,20190820,000000,716.2000000,724.0000000,714.5000000,721.1000000,1009560
TATN,D,20190821,000000,722.9000000,726.0000000,717.1000000,718.6000000,1403650
TATN,D,20190822,000000,718.2000000,722.3000000,715.6000000,717.6000000,1518320
TATN,D,20190823,000000,718.0000000,721.5000000,715.1000000,718.1000000,1459770
TATN,D,20190826,000000,715.0000000,725.3000000,711.0000000,716.9000000,1140750
TATN,D,20190827,000000,719.1000000,720.0000000,704.1000000,720.0000000,6686310
TATN,D,20190828,000000,721.0000000,724.2000000,716.0000000,717.9000000,2560450
TATN,D,20190829,000000,717.9000000,724.6000000,716.9000000,723.6000000,1284920
TATN,D,20190830,000000,723.9000000,743.1000000,723.1000000,743.1000000,2718610
TATN,D,20190902,000000,744.0000000,751.8000000,742.1000000,747.7000000,1067481
TATN,D,20190903,000000,746.3000000,749.8000000,737.1000000,746.0000000,1143450
TATN,D,20190904,000000,749.8000000,754.0000000,740.0000000,740.0000000,2232754
TATN,D,20190905,000000,743.6000000,749.1000000,739.8000000,743.7000000,1621717
TATN,D,20190906,000000,743.7000000,753.0000000,736.5000000,753.0000000,1680728
TATN,D,20190909,000000,754.1000000,757.8000000,748.7000000,752.8000000,1002156
TATN,D,20190910,000000,752.8000000,752.8000000,743.0000000,746.7000000,2096817
TATN,D,20190911,000000,747.0000000,752.5000000,745.4000000,749.0000000,1467463
TATN,D,20190912,000000,747.9000000,748.0000000,736.0000000,738.6000000,2009749
TATN,D,20190913,000000,736.0000000,739.9000000,727.5000000,733.3000000,1252246
TATN,D,20190916,000000,743.1000000,761.5000000,738.4000000,759.9000000,5221015
TATN,D,20190917,000000,752.9000000,768.2000000,747.4000000,756.1000000,4081305
TATN,D,20190918,000000,756.0000000,758.9000000,751.0000000,753.0000000,1882184
TATN,D,20190919,000000,752.1000000,754.9000000,741.9000000,741.9000000,2417939
TATN,D,20190920,000000,741.7000000,748.7000000,739.0000000,748.7000000,3008703
TATN,D,20190923,000000,746.1000000,749.5000000,737.3000000,743.4000000,2166056
TATN,D,20190924,000000,742.7000000,744.9000000,730.0000000,734.3000000,2250514
TATN,D,20190925,000000,729.1000000,740.0000000,726.1000000,740.0000000,3315619
TATN,D,20190926,000000,704.3000000,709.7000000,699.2000000,704.9000000,1962172
TATN,D,20190927,000000,705.0000000,708.3000000,697.5000000,697.5000000,1577661
TATN,D,20190930,000000,698.8000000,701.7000000,687.4000000,687.4000000,2041676
TATN,D,20191001,000000,689.0000000,700.9000000,688.0000000,694.9000000,1385822
TATN,D,20191002,000000,695.0000000,695.7000000,686.0000000,688.8000000,1232244
TATN,D,20191003,000000,688.1000000,688.2000000,671.2000000,676.3000000,1799128
TATN,D,20191004,000000,682.3000000,694.5000000,678.4000000,681.5000000,1883788
TATN,D,20191007,000000,684.5000000,694.2000000,680.1000000,691.5000000,985257
TATN,D,20191008,000000,691.9000000,694.5000000,685.5000000,688.5000000,916247
TATN,D,20191009,000000,688.7000000,697.2000000,687.1000000,690.5000000,1052000
TATN,D,20191010,000000,691.5000000,701.6000000,687.6000000,698.4000000,923205
TATN,D,20191011,000000,701.0000000,709.9000000,700.3000000,709.7000000,1176461
TATN,D,20191014,000000,708.8000000,711.8000000,695.3000000,700.0000000,921234
TATN,D,20191015,000000,700.0000000,703.0000000,694.2000000,700.8000000,1280263
TATN,D,20191016,000000,700.6000000,710.9000000,699.6000000,708.9000000,1702015
TATN,D,20191017,000000,708.0000000,708.0000000,702.2000000,707.3000000,1154731
TATN,D,20191018,000000,705.3000000,710.0000000,704.1000000,706.8000000,1102926
TATN,D,20191021,000000,707.9000000,721.9000000,704.8000000,721.9000000,1530095
TATN,D,20191022,000000,720.0000000,738.0000000,718.0000000,738.0000000,2371996
TATN,D,20191023,000000,737.0000000,749.9000000,731.8000000,749.9000000,2301655
TATN,D,20191024,000000,748.7000000,759.9000000,745.7000000,759.9000000,2808980
TATN,D,20191025,000000,757.1000000,760.0000000,740.1000000,749.6000000,2008166
TATN,D,20191028,000000,752.2000000,755.9000000,740.7000000,749.9000000,1261327
TATN,D,20191029,000000,749.0000000,752.0000000,744.6000000,752.0000000,1760583
TATN,D,20191030,000000,748.9000000,759.8000000,743.2000000,759.8000000,1910918
TATN,D,20191031,000000,759.5000000,764.0000000,746.3000000,748.2000000,2338612
TATN,D,20191101,000000,747.2000000,755.4000000,741.1000000,755.4000000,1179205
TATN,D,20191105,000000,758.0000000,773.0000000,756.0000000,773.0000000,1967932
TATN,D,20191106,000000,771.6000000,787.0000000,765.6000000,787.0000000,1874119
TATN,D,20191107,000000,782.4000000,799.7000000,777.0000000,797.9000000,2077132
TATN,D,20191108,000000,797.2000000,799.4000000,778.3000000,782.2000000,1962655
TATN,D,20191111,000000,781.1000000,783.2000000,771.4000000,778.8000000,1430210
TATN,D,20191112,000000,779.4000000,786.0000000,773.0000000,777.4000000,1685879
TATN,D,20191113,000000,769.9000000,774.4000000,767.8000000,772.7000000,953543
TATN,D,20191114,000000,777.0000000,777.5000000,762.2000000,773.9000000,1973593
TATN,D,20191115,000000,773.0000000,778.6000000,758.7000000,764.0000000,1740196
TATN,D,20191118,000000,766.9000000,768.9000000,752.1000000,753.8000000,1500927
TATN,D,20191119,000000,756.0000000,760.7000000,751.7000000,760.0000000,1148917
TATN,D,20191120,000000,758.0000000,763.0000000,747.0000000,760.0000000,1497166
TATN,D,20191121,000000,758.8000000,761.0000000,748.2000000,759.0000000,1709643
TATN,D,20191122,000000,757.9000000,764.0000000,755.7000000,761.2000000,1562407
TATN,D,20191125,000000,763.8000000,763.8000000,754.2000000,760.0000000,1038918
TATN,D,20191126,000000,758.0000000,760.8000000,742.4000000,747.1000000,5553617
TATN,D,20191127,000000,748.0000000,753.9000000,743.5000000,749.0000000,1526793
TATN,D,20191128,000000,747.8000000,751.9000000,745.1000000,747.8000000,393751
TATN,D,20191129,000000,748.0000000,748.2000000,738.5000000,740.4000000,1427749
TATN,D,20191202,000000,744.0000000,749.9000000,741.8000000,747.9000000,1893121
TATN,D,20191203,000000,747.9000000,749.7000000,734.2000000,734.2000000,1757363
TATN,D,20191204,000000,736.6000000,743.5000000,733.9000000,740.9000000,1065984
TATN,D,20191205,000000,743.0000000,746.8000000,733.6000000,745.0000000,1169808
TATN,D,20191206,000000,746.9000000,752.3000000,736.7000000,752.3000000,1646518
TATN,D,20191209,000000,751.8000000,761.7000000,748.5000000,759.2000000,1901988
TATN,D,20191210,000000,756.8000000,758.3000000,748.6000000,751.0000000,1483475
TATN,D,20191211,000000,749.9000000,768.0000000,749.7000000,762.4000000,2131315
TATN,D,20191212,000000,764.7000000,786.3000000,764.2000000,780.6000000,2743779
TATN,D,20191213,000000,782.9000000,794.0000000,779.5000000,793.2000000,2259601
TATN,D,20191216,000000,793.0000000,795.0000000,783.2000000,788.8000000,2054700
TATN,D,20191217,000000,789.8000000,798.2000000,787.5000000,791.2000000,2614053
TATN,D,20191218,000000,791.9000000,793.7000000,782.0000000,791.5000000,2721674
TATN,D,20191219,000000,792.1000000,797.0000000,785.7000000,788.0000000,1974560
TATN,D,20191220,000000,790.0000000,791.9000000,780.3000000,780.8000000,2095559
TATN,D,20191223,000000,781.6000000,790.5000000,779.3000000,788.9000000,1280862
TATN,D,20191224,000000,789.7000000,791.1000000,781.5000000,781.5000000,640480
TATN,D,20191225,000000,782.4000000,787.0000000,779.3000000,784.5000000,448613
TATN,D,20191226,000000,787.2000000,794.0000000,784.6000000,789.0000000,1071933
TATN,D,20191227,000000,768.2000000,778.1000000,763.0000000,770.0000000,3171163
TATN,D,20191230,000000,768.7000000,772.8000000,759.1000000,759.7000000,1620313
TATN,D,20200103,000000,767.0000000,777.4000000,765.6000000,776.7000000,2892452
TATN,D,20200106,000000,780.3000000,782.1000000,774.2000000,776.0000000,4190556
TATN,D,20200108,000000,777.6000000,797.0000000,775.3000000,788.0000000,2692274
TATN,D,20200109,000000,786.1000000,810.2000000,782.2000000,806.7000000,2634882
TATN,D,20200110,000000,807.5000000,808.8000000,800.1000000,801.0000000,1517004
TATN,D,20200113,000000,799.0000000,807.0000000,796.0000000,806.0000000,1954614
TATN,D,20200114,000000,807.0000000,815.9000000,802.5000000,811.6000000,2320206
TATN,D,20200115,000000,809.6000000,815.5000000,802.0000000,807.0000000,2201486
TATN,D,20200116,000000,809.8000000,815.4000000,805.0000000,808.9000000,1564126
TATN,D,20200117,000000,808.9000000,814.0000000,807.0000000,809.6000000,1795151
TATN,D,20200120,000000,812.0000000,837.4000000,810.4000000,830.0000000,2369268
TATN,D,20200121,000000,826.0000000,829.0000000,819.3000000,825.0000000,1968311
TATN,D,20200122,000000,827.2000000,828.8000000,813.3000000,818.0000000,1760099
TATN,D,20200123,000000,815.0000000,817.0000000,796.2000000,800.0000000,2480483
TATN,D,20200124,000000,802.8000000,809.3000000,794.0000000,795.7000000,1370270
TATN,D,20200127,000000,787.3000000,791.8000000,776.6000000,779.8000000,1713179
TATN,D,20200128,000000,780.8000000,788.2000000,773.3000000,779.0000000,1755492
TATN,D,20200129,000000,784.0000000,791.9000000,777.6000000,780.0000000,1862039
TATN,D,20200130,000000,777.1000000,784.0000000,770.1000000,777.0000000,1562510
TATN,D,20200131,000000,781.5000000,788.0000000,761.0000000,761.0000000,2503425
TATN,D,20200203,000000,757.0000000,762.1000000,749.0000000,751.6000000,3128202
TATN,D,20200204,000000,753.0000000,768.6000000,747.0000000,764.3000000,3752348
TATN,D,20200205,000000,766.3000000,775.2000000,754.0000000,765.3000000,3833552
TATN,D,20200206,000000,771.6000000,775.3000000,760.7000000,762.9000000,2828985
TATN,D,20200207,000000,763.8000000,766.9000000,748.2000000,752.0000000,2555111
TATN,D,20200210,000000,752.1000000,753.0000000,738.2000000,741.0000000,2234346
TATN,D,20200211,000000,745.8000000,757.2000000,745.7000000,753.7000000,2120328
TATN,D,20200212,000000,754.7000000,770.0000000,753.0000000,768.2000000,4307727
TATN,D,20200213,000000,765.9000000,766.7000000,758.3000000,763.0000000,2106726
TATN,D,20200214,000000,764.0000000,767.9000000,759.2000000,763.1000000,1494851
TATN,D,20200217,000000,764.0000000,768.8000000,762.9000000,766.1000000,1071063
TATN,D,20200218,000000,764.5000000,764.8000000,750.8000000,750.8000000,1601368
TATN,D,20200219,000000,755.8000000,767.8000000,755.7000000,765.4000000,1781203
TATN,D,20200220,000000,768.0000000,771.8000000,764.1000000,764.1000000,1673986
TATN,D,20200221,000000,761.7000000,763.0000000,755.0000000,755.0000000,1202126
TATN,D,20200225,000000,744.2000000,747.7000000,721.0000000,721.4000000,3792136
TATN,D,20200226,000000,718.9000000,733.0000000,714.5000000,724.3000000,4530000
TATN,D,20200227,000000,718.0000000,723.3000000,691.6000000,691.6000000,3504680
TATN,D,20200228,000000,679.5000000,684.4000000,625.1000000,671.6000000,7836680
TATN,D,20200302,000000,695.8000000,696.5000000,664.1000000,667.9000000,5113326
TATN,D,20200303,000000,681.2000000,694.4000000,677.1000000,682.7000000,4174883
TATN,D,20200304,000000,672.5000000,696.3000000,668.0000000,695.3000000,3800457
TATN,D,20200305,000000,702.0000000,705.2000000,684.6000000,696.2000000,2947756
TATN,D,20200306,000000,683.7000000,689.0000000,653.1000000,658.5000000,4710951
TATN,D,20200310,000000,592.7000000,612.9000000,527.6000000,530.0000000,10679932
TATN,D,20200311,000000,539.5000000,558.1000000,521.3000000,527.7000000,5343942
TATN,D,20200312,000000,508.0000000,508.0000000,460.5000000,469.8000000,7979329
TATN,D,20200313,000000,469.9000000,500.6000000,458.7000000,458.7000000,9092530
TATN,D,20200316,000000,447.0000000,458.0000000,426.0000000,442.3000000,7584880
TATN,D,20200317,000000,442.9000000,451.7000000,402.1000000,422.1000000,7560727
TATN,D,20200318,000000,408.1000000,418.0000000,382.7000000,385.0000000,8825786
TATN,D,20200319,000000,389.3000000,457.4000000,372.0000000,455.9000000,10628981
TATN,D,20200320,000000,470.2000000,542.5000000,470.2000000,515.6000000,13514396
TATN,D,20200323,000000,475.1000000,527.9000000,470.0000000,503.8000000,8180350
TATN,D,20200324,000000,550.1000000,581.8000000,531.5000000,561.2000000,8577553
TATN,D,20200325,000000,576.0000000,589.5000000,534.8000000,562.2000000,9335936
TATN,D,20200326,000000,557.8000000,572.4000000,544.3000000,560.0000000,4780144
TATN,D,20200327,000000,563.1000000,567.0000000,514.4000000,530.0000000,5767580
TATN,D,20200330,000000,519.0000000,528.8000000,500.0000000,521.8000000,4058999
TATN,D,20200331,000000,533.7000000,558.3000000,531.7000000,552.6000000,5236762
TATN,D,20200401,000000,538.0000000,545.3000000,532.0000000,544.0000000,4136058
TATN,D,20200402,000000,574.5000000,587.7000000,550.0000000,585.0000000,8866403
TATN,D,20200403,000000,585.3000000,629.5000000,578.1000000,600.6000000,7264037
TATN,D,20200406,000000,607.9000000,613.8000000,594.6000000,608.9000000,3520132
TATN,D,20200407,000000,621.0000000,624.8000000,575.2000000,583.6000000,7556395
TATN,D,20200408,000000,583.8000000,598.0000000,574.8000000,598.0000000,4696236
TATN,D,20200409,000000,602.4000000,610.0000000,586.0000000,606.2000000,7155806
TATN,D,20200410,000000,601.6000000,601.8000000,590.0000000,601.4000000,1461746
TATN,D,20200413,000000,597.5000000,601.0000000,581.7000000,587.0000000,2570632
TATN,D,20200414,000000,591.0000000,597.7000000,547.1000000,554.6000000,6637204
TATN,D,20200415,000000,548.0000000,548.1000000,503.3000000,510.6000000,9614924
TATN,D,20200416,000000,512.6000000,526.9000000,491.6000000,510.4000000,11294022
TATN,D,20200417,000000,522.4000000,527.5000000,513.4000000,516.4000000,6080833
TATN,D,20200420,000000,509.9000000,523.5000000,480.6000000,488.4000000,10780923
TATN,D,20200421,000000,473.2000000,486.0000000,455.5000000,476.7000000,11802059
TATN,D,20200422,000000,466.7000000,521.0000000,465.0000000,514.4000000,12574555
TATN,D,20200423,000000,524.7000000,539.4000000,510.8000000,532.2000000,8585684
TATN,D,20200424,000000,528.2000000,530.9000000,514.0000000,521.9000000,5331498
TATN,D,20200427,000000,520.5000000,527.9000000,514.0000000,516.7000000,3712606
TATN,D,20200428,000000,513.2000000,538.0000000,511.5000000,529.8000000,5685625
TATN,D,20200429,000000,537.3000000,559.0000000,532.4000000,558.6000000,6357056
TATN,D,20200430,000000,566.4000000,576.9000000,546.7000000,550.0000000,9792126
TATN,D,20200504,000000,540.6000000,551.4000000,529.0000000,544.9000000,4618688
TATN,D,20200505,000000,556.7000000,563.4000000,547.6000000,551.6000000,3719368
TATN,D,20200506,000000,554.0000000,559.9000000,538.2000000,541.5000000,5135240
TATN,D,20200507,000000,543.9000000,549.0000000,539.2000000,544.0000000,3961658
TATN,D,20200508,000000,546.0000000,549.5000000,538.3000000,546.5000000,2086255
TATN,D,20200512,000000,546.0000000,547.3000000,539.3000000,541.9000000,3602932
TATN,D,20200513,000000,540.0000000,540.6000000,516.0000000,517.8000000,4864849
TATN,D,20200514,000000,516.7000000,524.5000000,508.2000000,522.6000000,5085718
TATN,D,20200515,000000,529.0000000,535.6000000,514.2000000,514.2000000,4668723
TATN,D,20200518,000000,523.5000000,552.5000000,523.3000000,549.0000000,6510337
TATN,D,20200519,000000,552.5000000,558.3000000,544.6000000,549.6000000,4696629
TATN,D,20200520,000000,544.6000000,568.5000000,538.3000000,566.5000000,5868358
TATN,D,20200521,000000,565.2000000,575.0000000,537.9000000,540.0000000,6828653
TATN,D,20200522,000000,531.5000000,548.1000000,529.2000000,544.0000000,3746626
TATN,D,20200525,000000,549.2000000,565.0000000,547.9000000,557.0000000,1866678
TATN,D,20200526,000000,567.2000000,575.4000000,559.3000000,559.9000000,4521122
TATN,D,20200527,000000,557.7000000,572.2000000,546.2000000,559.8000000,4979200
TATN,D,20200528,000000,568.2000000,569.7000000,555.3000000,565.0000000,4223398
TATN,D,20200529,000000,562.5000000,562.8000000,532.0000000,532.0000000,21337968
TATN,D,20200601,000000,544.2000000,552.7000000,541.3000000,542.5000000,7217916
TATN,D,20200602,000000,548.0000000,560.2000000,546.4000000,560.1000000,5755033
TATN,D,20200603,000000,565.0000000,571.0000000,501.2000000,569.0000000,9122340
TATN,D,20200604,000000,567.5000000,567.5000000,555.4000000,559.2000000,5541459
TATN,D,20200605,000000,565.0000000,574.0000000,561.1000000,569.9000000,4706802
TATN,D,20200608,000000,575.0000000,597.4000000,570.5000000,578.4000000,7818255
TATN,D,20200609,000000,581.5000000,589.7000000,575.0000000,586.5000000,5803236
TATN,D,20200610,000000,590.6000000,599.4000000,581.2000000,595.9000000,7602075
TATN,D,20200611,000000,586.4000000,587.2000000,571.0000000,577.0000000,5306145
TATN,D,20200615,000000,564.7000000,582.8000000,551.4000000,581.6000000,4773777
TATN,D,20200616,000000,590.0000000,596.1000000,576.5000000,581.0000000,5668729
TATN,D,20200617,000000,582.4000000,590.2000000,565.4000000,565.4000000,6246487
TATN,D,20200618,000000,566.3000000,579.2000000,560.5000000,576.0000000,4887022
TATN,D,20200619,000000,580.9000000,593.7000000,578.0000000,586.5000000,7835453
TATN,D,20200622,000000,583.9000000,592.5000000,574.8000000,589.1000000,3475201
TATN,D,20200623,000000,591.2000000,594.5000000,586.1000000,588.6000000,3298412
TATN,D,20200625,000000,577.8000000,584.8000000,570.0000000,584.7000000,3763409
TATN,D,20200626,000000,583.6000000,586.0000000,566.1000000,572.6000000,3578776
TATN,D,20200629,000000,570.0000000,572.1000000,561.3000000,568.4000000,3022494
TATN,D,20200630,000000,568.0000000,568.8000000,552.0000000,556.3000000,4303689
TATN,D,20200702,000000,562.4000000,569.4000000,558.8000000,567.5000000,3174555
TATN,D,20200703,000000,566.9000000,568.9000000,563.1000000,568.0000000,1603182
TATN,D,20200706,000000,575.9000000,579.8000000,567.0000000,570.6000000,3240962
TATN,D,20200707,000000,566.9000000,572.3000000,560.0000000,565.5000000,2619199
TATN,D,20200708,000000,566.5000000,567.1000000,556.5000000,560.6000000,2264766
TATN,D,20200709,000000,560.3000000,562.1000000,549.2000000,552.5000000,3011090
TATN,D,20200710,000000,548.6000000,563.0000000,543.4000000,562.7000000,3494459
TATN,D,20200713,000000,563.7000000,566.6000000,544.5000000,546.5000000,2120364
TATN,D,20200714,000000,545.6000000,548.1000000,534.2000000,547.9000000,2906096
TATN,D,20200715,000000,550.0000000,555.7000000,546.4000000,553.3000000,2787463
TATN,D,20200716,000000,550.3000000,556.2000000,548.2000000,553.6000000,1610114
TATN,D,20200717,000000,551.0000000,555.0000000,545.0000000,550.9000000,2077481
TATN,D,20200720,000000,549.8000000,556.4000000,546.4000000,554.9000000,2273294
TATN,D,20200721,000000,556.6000000,566.7000000,556.6000000,560.4000000,3025171
TATN,D,20200722,000000,561.7000000,564.3000000,556.6000000,560.9000000,1923868
TATN,D,20200723,000000,564.3000000,568.4000000,558.2000000,559.0000000,2152293
TATN,D,20200724,000000,558.4000000,565.3000000,557.0000000,564.7000000,1531455
TATN,D,20200727,000000,566.1000000,567.1000000,556.6000000,560.9000000,2301237
TATN,D,20200728,000000,562.9000000,563.0000000,554.4000000,557.0000000,1922091
TATN,D,20200729,000000,557.5000000,564.8000000,555.6000000,563.0000000,1931897
TATN,D,20200730,000000,559.6000000,563.7000000,552.4000000,558.4000000,2014709
TATN,D,20200731,000000,558.0000000,559.3000000,550.3000000,554.7000000,1717623
TATN,D,20200803,000000,552.7000000,553.8000000,543.9000000,547.2000000,2606710
TATN,D,20200804,000000,545.9000000,548.8000000,541.5000000,546.8000000,2026925
TATN,D,20200805,000000,546.9000000,562.5000000,545.3000000,558.4000000,3417213
TATN,D,20200806,000000,561.3000000,562.6000000,556.2000000,561.4000000,2649963
TATN,D,20200807,000000,559.1000000,562.2000000,554.0000000,559.4000000,1591574
TATN,D,20200810,000000,560.2000000,564.0000000,555.4000000,559.8000000,2690439
TATN,D,20200811,000000,561.5000000,590.0000000,560.2000000,581.0000000,5648917
TATN,D,20200812,000000,582.0000000,608.4000000,582.0000000,605.6000000,6681665
TATN,D,20200813,000000,604.7000000,615.6000000,598.0000000,604.9000000,4368858
TATN,D,20200814,000000,609.3000000,612.0000000,600.0000000,608.5000000,3042933
TATN,D,20200817,000000,611.0000000,616.4000000,596.3000000,600.1000000,3634214
TATN,D,20200818,000000,599.5000000,611.2000000,594.4000000,597.6000000,3382756
TATN,D,20200819,000000,598.0000000,598.4000000,583.0000000,590.9000000,2262748
TATN,D,20200820,000000,589.0000000,589.7000000,562.5000000,572.8000000,4191528
TATN,D,20200821,000000,574.0000000,577.3000000,555.1000000,566.1000000,3607093
TATN,D,20200824,000000,568.0000000,573.7000000,565.5000000,570.7000000,2164611
TATN,D,20200825,000000,572.9000000,575.0000000,565.2000000,571.0000000,1837384
TATN,D,20200826,000000,570.4000000,574.6000000,563.2000000,571.6000000,2428058
TATN,D,20200827,000000,573.9000000,574.0000000,560.0000000,561.4000000,2393703
TATN,D,20200828,000000,561.6000000,561.9000000,553.3000000,556.8000000,2141319
TATN,D,20200831,000000,557.4000000,561.2000000,544.5000000,547.8000000,4130086
TATN,D,20200901,000000,549.9000000,550.8000000,543.1000000,549.5000000,3141932
TATN,D,20200902,000000,550.2000000,553.5000000,541.4000000,545.0000000,3575581
TATN,D,20200903,000000,542.8000000,544.6000000,529.2000000,532.6000000,4751102
TATN,D,20200904,000000,532.4000000,540.4000000,529.3000000,536.4000000,2950513
TATN,D,20200907,000000,534.4000000,538.3000000,531.6000000,533.9000000,1297229
TATN,D,20200908,000000,534.7000000,534.7000000,519.1000000,523.9000000,3236195
TATN,D,20200909,000000,521.1000000,531.3000000,519.9000000,529.7000000,2631827
TATN,D,20200910,000000,529.7000000,531.1000000,522.3000000,528.0000000,2271507
TATN,D,20200911,000000,528.2000000,537.6000000,527.0000000,537.6000000,2472397
TATN,D,20200914,000000,539.1000000,547.6000000,536.3000000,538.9000000,3027666
TATN,D,20200915,000000,538.1000000,553.1000000,537.2000000,552.8000000,2916615
TATN,D,20200916,000000,554.0000000,557.5000000,516.1000000,531.4000000,10461564
TATN,D,20200917,000000,526.9000000,529.7000000,508.1000000,517.4000000,10139018
TATN,D,20200918,000000,518.3000000,520.0000000,503.8000000,507.8000000,7355648
TATN,D,20200921,000000,506.7000000,506.7000000,475.7000000,480.7000000,9268530
TATN,D,20200922,000000,478.8000000,482.8000000,469.2000000,479.7000000,7086715
TATN,D,20200923,000000,479.9000000,480.1000000,460.0000000,460.0000000,6437486
TATN,D,20200924,000000,459.8000000,471.4000000,448.7000000,467.5000000,9276502
TATN,D,20200925,000000,469.9000000,470.8000000,457.4000000,464.0000000,4873017
TATN,D,20200928,000000,464.6000000,479.9000000,456.6000000,474.5000000,7094588
TATN,D,20200929,000000,474.8000000,478.4000000,461.1000000,464.7000000,4479243
TATN,D,20200930,000000,463.0000000,469.4000000,460.8000000,463.6000000,3589381
TATN,D,20201001,000000,465.6000000,468.0000000,457.3000000,458.5000000,3006376
TATN,D,20201002,000000,453.9000000,456.5000000,449.5000000,453.1000000,3006638
TATN,D,20201005,000000,455.5000000,474.0000000,455.4000000,473.5000000,4346265
TATN,D,20201006,000000,473.5000000,486.7000000,464.9000000,472.5000000,6651348
TATN,D,20201007,000000,475.8000000,479.7000000,461.6000000,468.1000000,5213602
TATN,D,20201008,000000,469.3000000,473.5000000,461.1000000,464.5000000,3447344
TATN,D,20201009,000000,455.5000000,460.2000000,451.5000000,459.0000000,3684548
TATN,D,20201012,000000,459.0000000,459.0000000,452.0000000,453.6000000,3010246
TATN,D,20201013,000000,454.0000000,455.9000000,439.6000000,442.6000000,4106572
TATN,D,20201014,000000,441.8000000,446.5000000,437.2000000,443.4000000,3806642
TATN,D,20201015,000000,441.6000000,442.5000000,427.7000000,434.1000000,5267852
TATN,D,20201016,000000,432.4000000,433.8000000,426.2000000,429.2000000,4213273
TATN,D,20201019,000000,430.7000000,432.8000000,414.9000000,415.7000000,3847080
TATN,D,20201020,000000,415.7000000,424.8000000,406.4000000,421.2000000,7552688
TATN,D,20201021,000000,421.7000000,428.6000000,416.1000000,416.9000000,5154493
TATN,D,20201022,000000,416.0000000,425.9000000,413.9000000,424.6000000,4198317
